Category,Code
Adolescent Development,6867
Chief Field Office,6867
Child Protection,6867
Communication for Development (C4D),6867
Early Childhood Development,6867
Education,6867
Expanded Programme Immunization,6867
Gender,6867
Health,6867
HIV/AIDS,6867
Human Rights,6867
Innovation,6867
Knowledge Management,6867
Monitoring and Evaluation,6867
Nutrition,6867
Planning,6867
Programme Management,6867
Social and Economic Policy,6867
Statistics and Monitoring,6868
"WASH (Water, Sanitation and Hygiene)",6867
Alliances and Resource Mobilization,20966
Communication / External Relations,6865
Private Fundraising and Partnerships,20966
UN and Multilateral Affairs,6867
Emergency Programme,6867
Security,6867
Finance and Administration,6864
Human Resources,6863
Information Communication Technology,6866
Internal Audit Management,6867
Legal,6867
Operations and Business Management,6863
Supply/Logistics,6863
Support: Communication,6865
Support: Operations,6863
Support: Programme,6863
Executive Management,6863
Deputy Representative,6867
Representative,6867
Senior Leadership Vacancies,6867
